X,Y
-0.14468267434497384,0.8779918892755945
0.8964316085716832,-0.09185329267655251
0.719209250878464,-0.16072632182181446
0.026126217152105724,-0.1449800723598822
0.6986654135345514,0.1411588648567892
-0.286748052259304,0.530044739533396
-0.48363403499927315,0.5309440180559708
0.7877815637375702,0.24389069664610963
-0.7232175316317053,0.28278706551569677
-0.8320482900350055,0.2661021117926272
-0.3858123249139245,0.7564955809989511
-0.13962088518118465,0.3403702825122217
0.1413081290701268,-0.7979893927253976
-0.4582557542506389,0.7549477005149987
-0.7667306111011913,-0.39845521992921884
0.15802228358169024,-0.8174986867917375
0.37397328667725294,0.020670297849584518
-0.15030079356031378,0.760890681977769
0.00488781238189695,-0.9687545689422894
0.8831954610118282,0.42007367402326423
-0.2177922430244108,0.9627114358958884
0.09363152159105836,-0.009339336227509376
-0.31505141976193785,0.4511453737323168
-0.5891527763209714,-0.5783244880413143
0.6348031641862317,-0.1991536138827945
-0.350730026157722,0.5628238648801842
0.8783650452595595,-0.020722713189684105
-0.7376738942139665,0.36692549253330076
-0.2315164167278887,-0.0672697881242239
0.7593696759344006,-0.6018754297389186
0.07056295898572817,0.002000614287763103
-0.3096302084578366,-0.8445452911495639
-0.8456857029908063,0.13461878706056152
0.18879584251544346,0.24986175482054396
-0.12427480134796376,-0.36065871223171797
0.17270419707419182,0.31804269883128966
0.350443768512809,-0.016333587819285622
0.8469075291039649,-0.3267842675829873
-0.25436043875084824,0.8330175493060303
-0.831628711480612,0.14843333582858542
0.3078915588266282,-0.2131136534528466
-0.10146936593128575,-0.7114424887328215
-0.28180347105756565,-0.3119603544435263
-0.4491693784954236,-0.6217091408837836
-0.1477060572083626,0.10730075548055051
-0.9618433385587235,-0.02716635035552084
-0.724531678417522,0.22750668234155236
-0.4287017419104757,-0.12740314723772772
0.19834944906491603,0.9475492503376772
-0.20856118122419676,0.6573082468447584
-0.9776765084778027,-0.19914787054896754
-0.37653591672945685,0.3786862950858436
0.44215926938347705,0.24371504500614805
0.22589084654364777,-0.6824089197909107
0.6783351669909294,0.5124085084521088
0.7453923384164354,0.3238318143814838
0.025309016762067982,0.8058972174125607
-0.2831029196994086,-0.8499910955809189
-0.9978075011771224,0.04561403960783883
-0.07358369599462078,0.96252029211861
0.4798409305668332,-0.6806877454118869
-0.4847205181888097,0.5256074863408846
0.5173772277093696,0.35593011363187244
0.16633106510509554,-0.216590694211223
0.2800501826173052,0.01852351867539892
0.8172895282316934,0.44768745831453427
0.23831364182107984,0.43752080460818976
0.346116174272054,-0.34895712153439007
-0.5551713880162017,-0.6472559951419301
0.3629636539095211,-0.7620814173665083
-0.8171281197761129,-0.24869607175533415
-0.9983279393474085,0.005063206787108809
-0.5339430987549219,-0.7946369576460264
-0.6060288810472474,-0.2994623544956412
-0.12155469200089719,0.44863999806520316
0.6303514415295914,-0.30765212074692805
-0.7719150373715211,0.3154340131559896
0.5148861413134738,-0.028958566818383602
-0.35087840326672914,-0.20015275810560818
-0.012996964837796998,0.9504905323761219
0.8621737735091595,0.004132219831634032
-0.06851940441094162,0.31244026375450273
-0.675873071165473,0.6262453608874283
-0.5243449667418985,-0.21872226641303905
0.2066705765854584,0.2769342399192025
0.44472321248671176,0.7472319948853614
-0.29541814143606326,-0.26339013334014383
0.325398424582237,0.4422484546347878
0.5702520557929904,-0.5473238244655891
-0.0943514956081144,0.2389788299705775
-0.11542498562073633,-0.7660430871771855
0.3219401143968852,-0.8787626269874336
0.13646225522114674,-0.9602188586027749
0.7031217278360145,-0.37629989472861847
-0.14384591526550095,0.42229988428237286
0.04754859228364294,0.5357680697142126
-0.24391674345284575,-0.07132570731352428
0.1040926316742874,0.8777330866677091
0.6765035390505643,-0.5878108195344487
-0.340667238842421,-0.7522539444107201
0.971650571608947,-0.1757317279356343
-0.07281713508316745,0.40158353484525655
0.7492436869306158,0.40993256291798286
-0.933503982402377,-0.07946061286696793
-0.17396848902855533,-0.4288095376078582
-0.7981343084099579,-0.14516131208196237
-0.6931356192985927,0.08003940435179357
-0.3149226621488761,0.5463848500425716
-0.05147229598063596,0.6410228941364906
0.18715769718201325,0.560112834857204
0.2164981547796614,-0.20644531518921427
-0.7206357996113828,-0.3741308398868126
-0.5273168625826106,-0.11737568562801215
-0.27524512200008244,0.6616036229704674
-0.4095114787543179,0.6221970851613048
0.08902425835644934,0.7726209686823204
0.3888104355137181,0.6836648195638801
0.31244889836435985,0.7013441103111722
0.5155319855353475,-0.667831315424221
0.3568512868057996,0.28570400802340856
0.7192024716860612,0.29669677521994964
0.09244414322974959,-0.4825056735729183
0.022877548794146385,0.060697964479503375
-0.7996530242823805,-0.42889452616614276
-0.7930764951547518,-0.3548492588314953
0.05513068218192996,0.8506369884423493
-0.21664825605749494,0.20006185200264315
0.26642874150260876,-0.3282612531045779
-0.14321840470590996,0.2630276221727308
-0.0692395794578422,-0.7388556818700571
0.13034796736234822,0.6668633574902554
-0.07076611040682823,0.9230609377150127
0.36973945917048967,-0.05729123086379606
-0.4422620907944086,0.2717734190712855
0.7908593516085016,-0.36323214554899796
0.07926599953152769,-0.9361723273977849
0.7735029604882606,-0.1807422944152426
-0.3785560454932997,-0.5271968422526554
-0.5230200223096872,0.6646300538458458
0.5369222661775979,-0.08330936698518676
-0.421414522689439,0.021252988177492327
-0.3451271127437272,-0.564955681600189
0.6551387219206124,-0.6071956085210914
-0.47556786708725096,-0.4508562970908012
0.10847744693405548,0.344302511891599
-0.33795876937171054,0.6507255019511928
0.4281063453356584,0.8842755119464842
-0.11057738064693101,0.4117335211780142
-0.46656666997332485,-0.7388680974417219
-0.4526101738165724,0.8584166167451563
-0.2944576987413918,0.8958460931982954
-0.4044969885952949,-0.683654119926993
-0.25812180114057726,-0.45603335331829764
0.29675574288539086,-0.35341500618792177
0.7815258817733286,0.5857288612133684
-0.011900251062068268,-0.9110345538578084
0.0010510855883489878,0.3796297506334465
0.006649778177617138,-0.37914141328739137
0.1804024213194484,-0.5792599713929725
-0.1839121466085123,0.8571913374801177
-0.45662986256163896,-0.14566351764552077
-0.12244067556669336,-0.4455749357625951
0.7423801818825402,-0.004513484853117866
-0.2916962891332051,-0.5442382526739935
-0.5488940118412826,0.31866394894668515
0.42277410754946265,0.029572792434578554
-0.7852731591413371,-0.39623877656006834
0.7560566056432143,-0.2683736036399704
-0.5509628607985713,-0.7323072496116594
-0.2045063595106842,0.018124131493815643
-0.47530037458578267,-0.835458975298168
-0.16277334539658828,-0.5950660765800688
-0.6414791541321712,0.37606451688345377
-0.6860338288613446,-0.09761545372570568
-0.9281036061232624,-0.10828376472005785
0.2679680549322516,-0.9092359909266843
0.9160531117472497,-0.020022455824479035
0.18584309348567984,0.5785287648714577
-0.0006092710707215065,-0.5298015729079215
-0.8169692059796252,-0.5738917948246094
-0.04033582083516163,0.8187959858456115
-0.8934484755215442,-0.031160225883541504
0.09889125809831145,0.022935754528828234
-0.8569301829690419,-0.20107650041863057
-0.1357227322369705,0.04503126921696543
0.3499153676492275,-0.0023645790066233463
0.25176524120518695,-0.09274525867982275
-0.2092344957833585,-0.7469019006078523
0.8587474156038486,-0.20235237466638267
0.7395063476895669,0.16503878108937764
-0.4553844607092965,-0.08090196330512045
-0.5436522522706919,-0.2901602806494008
0.22219769297408853,-0.2359948500662945
0.23089212480268984,-0.7674634838682435
-0.015904870562643003,-0.39911365387475994
-0.19829106796219675,0.7239481583943475
0.1648160258590965,0.41538016915084985
0.42452207882104154,0.7006007097540605
-0.36219277787149706,0.19727085007967338
0.07403643362262469,0.515942967326148
-0.26863164634047165,0.8565669693898119
0.46963746021677677,0.7051579341766627
-0.15928621675950216,-0.42091962556952334
0.44518168147577164,-0.6355597125326198
0.44215205494415,-0.3719925414442582
0.6739622635084508,0.10475942888162182
0.13028274357288572,0.8674026853987162
-0.5845974083014167,0.11073262839996967
-0.18790164915843754,0.1608403327112271
0.19852008188358083,0.9413391330011323
0.638001398441215,-0.10154508861604672
-0.40374325892787244,0.8933505667521462
0.6928607138034706,0.028471751473117646
0.03399144723911163,0.13672800890273762
0.37646279279033235,-0.2691023305683553
-0.18536022820245046,-0.861861750122906
0.5307855042691205,-0.7879571958897462
-0.4548438788985403,-0.5728175246363274
-0.05265182782415323,0.7660250338182961
-0.3812277025913118,0.26708128885644933
-0.06844870238533618,0.12261621560886815
-0.5808435502120497,-0.6147739336513787
0.08068591417313731,-0.4442864392343815
-0.39035640740779276,0.7760394064697367
-0.8429429558356991,0.17413773033237545
-0.610568870389244,0.46513465317707836
0.17656681962527698,0.081763801251582
-0.705779308949757,0.0955699358878288
0.3602065872651159,-0.8691081813454544
0.4386034445911702,-0.23400425257681667
0.861068829307253,0.16534553180566913
-0.13150243897833502,-0.11623782169793806
0.4665384250275004,-0.6910746373754431
-0.3039826991662715,0.7817784786412374
0.3689371909489225,0.5954245581310371
-0.28095669757372455,0.70569325046105
-0.17770592215256897,-0.27161620791641483
-0.8535783672310064,0.3508524106692068
0.6011515746725942,-0.5451913845557559
-0.5546424040767328,0.25468188392114577
-0.4567479037754367,0.7295908387776651
0.08341704559564,0.8044869116846425
-0.3924585639009277,0.06695367418598241
-0.16686850024563205,-0.5155606517742688
-0.9051985212794684,-0.07974044869514918
0.038258677336999725,-0.8091508528429936
0.009104660569101641,-0.6148584853786372
0.4259911758366379,-0.6514309516100196
0.17500966826861308,-0.21566847101400777
-0.30936842796481945,0.049914606518015825
0.01189299116661191,0.45612404689358677
-0.8013326623100598,-0.3720770244647782
-0.3416015255273246,-0.5602996893614909
-0.729399609635073,-0.6034367552246396
0.18146469049224856,0.38258969165493184
-0.3994191894710968,0.2670264313358002
0.7257828299067086,0.5478266098109192
0.748718576216201,0.16631176091408495
-0.06405230238218174,-0.9793586594105022
-0.13208581701421496,-0.8384850773515244
-0.44475738078535887,-0.5444403148450294
-0.06656325694860077,0.22852235951066935
-0.6509298495693618,0.5924430695149645
0.1818041014322631,-0.9496971492221942
-0.6138708229713374,-0.5676982354413485
0.4923220471675096,-0.36085985973279566
0.9661516783322903,0.042309462847072155
-0.4776145083685783,0.7864495554496265
-0.4073741078902753,-0.13468745427788087
0.7844385486144152,-0.039781107035809615
0.2806375593260817,0.5994779238753942
-0.7292095041382665,0.5840566381132184
0.32038819596245394,0.722485723148854
0.19260880586182583,-0.3470256567194565
-0.17136407010749277,-0.9203682235997157
0.03304240222768451,-0.5541615774108755
0.26039465917921545,0.8958887462274521
0.18580211722770912,0.9037834531400832
0.3975486042524796,0.468833121555696
0.17573628298739608,0.2717902877004301
-0.7576889800711366,0.5352280320888645
0.7159565923993922,0.6098753020755583
0.9236430753949043,0.09446675103669389
-0.42870993633210697,-0.5722286348439498
0.2844369352171503,0.5145633171690329
0.7153033516960803,-0.21197201675201272
0.5689164873063985,0.45110102392597584
-0.40236455503224233,-0.8111259042246117
-0.2852916063988964,-0.3110756993611081
-0.38323632309595745,0.7604613967206553
-0.1857478998244202,0.6272508600469107
-0.35289683946436856,0.07635299977745746
0.16376992995098583,0.9623989222335052
-0.16687000423772402,-0.7516475936206017
0.5521496596696811,-0.0179818982969715
0.8050859144728211,-0.22695929536024995
0.07079029719355656,-0.5596202548314793
-0.07885553429994019,0.1568539270417708
0.8114510437933184,-0.25701568415916065
0.8742287659624051,0.10709032369408411
0.42712504345911473,-0.533758573431597
-0.33435151329494217,-0.7517621283912692
-0.5980617788261553,0.2148379824709945
0.31115822132632065,-0.05888454911939278
-0.9403039340248245,-0.2752987107784577
-0.5860484699225998,0.12828338508326076
-0.8835999375549091,0.3775997202431929
0.6568736735302598,0.445422668471416
0.42598655290445797,0.5835421574787643
-0.7776684603934603,-0.0280438965674219
0.3734864750454081,0.588272393838499
0.293526441530896,0.4452686676897524
0.7405920101804464,0.43598577515002357
0.5815136955763012,-0.3670987388329452
-0.4717282239183822,-0.12171870456901157
-0.429977677184634,-0.4390761642975265
-0.44847443461204617,0.8128376467955167
0.41148877625572045,-0.5775133937540675
-0.11900491980558092,0.5366993000811984
0.2997497401251612,-0.6459313403509213
0.7880299453487103,-0.1940846001534149
0.636520912595046,-0.3621630338112083
0.08641708864701414,0.24335473987677259
-0.61389221807798,0.4170025223482081
0.4606071990515135,-0.013191837555936337
0.4599483550616219,0.23253831179384732
-0.5137545611549763,-0.4426082587501188
-0.3642557904765551,0.3680229221698197
0.28974323408126734,0.917506514284302
0.2401642994034472,-0.7461454551200608
-0.4753733555697237,-0.4205593419952367
-0.4871594782906463,0.2333610784097051
0.8731167837459062,-0.1152204569886599
-0.06663204912894893,0.6033189957297858
-0.26656422677271485,-0.12806803037672965
-0.016779629929650097,-0.9578526140493075
0.6521768625615039,-0.6840090663310161
-0.4773130801279537,-0.8185578689838877
-0.44474541785246524,0.8013938531722948
0.18755261350106434,0.7641115472811237
-0.20103940939603993,0.39018601556447474
0.09960429635894852,-0.2111461996658881
0.18110234111597534,-0.7822624341992281
0.799151683291589,-0.1596542305133175
-0.4109369442637143,0.08443921372826857
0.45150496671456053,-0.5122660080801114
-0.003977937492159578,-0.2353046272381225
-0.049624885697540755,-0.39375445441297097
-0.24959132711463305,-0.9274090958004908
-0.40698132795474296,0.35173167523542137
-0.6697007553013057,-0.4928242740200135
0.3690053541590512,0.6133641269580821
0.39152566097160046,-0.8479469963335502
-0.13043062429744445,0.9216147917514246
0.6722985717272931,-0.24061991404564198
0.5141012514010741,0.25182331640846445
-0.1888704001001853,0.41547098321418474
0.28708889192671605,-0.8833512156350898
0.2202671077995031,0.545283892504431
0.8173290797270754,0.3470091151291117
-0.4076473906162812,-0.45636457976888356
0.5917485039401342,0.13838368633259512
0.9691786582133814,0.17396130940710486
0.08471870627766864,0.34710484946717135
0.9635558783125107,0.050194723225328586
-0.23253543276136512,0.5272577552009168
0.017537635680363817,-0.42479824069210337
-0.5257956408823492,0.7433011123952982
0.8485789978124598,0.276991530332767
-0.7425461804586693,-0.4553820312909136
0.59146510884699,-0.696753417557185
-0.6079294024422877,-0.6418330096110769
0.19982738637655473,0.07508976745442997
-0.0864540306873165,0.39360042291329655
-0.1244407937112848,0.5797565616981915
-0.2613926139938245,-0.2135293991874212
-0.0028249678063316797,0.6280662934650689
0.24372976108982636,-0.6035170804242336
-0.38457416801175026,0.6658679136407031
-0.14475955015072617,0.3897770411357748
-0.5130166122747513,0.323194204592548
-0.9720028394202234,0.1971385813424289
0.6700988135155754,0.44876657051131663
-0.866005767057161,-0.3373465052406679
-0.3424118976279633,0.6701197468087472
0.10663687659894339,-0.2304361064651672
0.6359881707225254,0.4124666137743902
0.3753880428488445,0.06911655908633652
0.858346230078378,0.32823541232050335
-0.4321731594501754,0.3086439244557888
-0.09086311946676706,-0.3876343227948935
0.13536776664558747,-0.6379025600552828
-0.15192517090606183,0.7803697320117804
0.18955219744332186,0.8204263073610671
-0.2692788194362623,0.7579635241461256
0.45323834865681056,0.21320443579944204
-0.5653386578759239,0.31225939439678285
-0.026104326696106517,-0.9272014676166884
-0.6023809221631764,0.5600833904980309
0.06018514789582241,-0.0005711608930987211
-0.5471713827996814,-0.5153970679987441
0.6850921672624868,0.533379659625085
-0.2473464263892844,-0.5255493553231823
0.13453911725601597,0.8478835496060608
0.6316068403604178,0.21177103675112963
0.6313705501873339,-0.49283137424969103
0.6174240442471073,0.004784808578977895
-0.18618968321062934,0.06370830147207651
0.45065079311622824,-0.4192061245031178
-0.15590971851890734,-0.1647500495831633
0.36454659533994827,-0.10474185073358266
-0.5075826190794408,-0.7379558495495786
0.7959272535441686,0.3254274845489018
-0.04477310688505387,0.9685813615891212
-0.34801079663834056,-0.14700960942962626
0.8655980628029281,-0.08482476503042258
-0.17384304681688856,-0.23728154458480155
-0.5652666290577437,0.5858265241950216
-0.3804699157280653,0.5492152411326445
0.010815515567283107,0.5659014438598458
0.9789096466919114,-0.0943400985519347
-0.014279149512199663,-0.13937200460317856
-0.5228060676818944,-0.04659936702571321
0.16041357880518636,0.30485080252787333
0.36245725221201397,0.41038805291096825
0.7532570917558257,0.6133272072295166
-0.15864476311599485,0.8733986459464038
-0.6425735078485426,0.5276185152083994
-0.824536635522932,-0.2866703819743861
0.17986542680592854,0.5114242870185755
-0.48728909540871346,-0.35426355656660413
9.86004657566042e-05,-0.8013910602755066
-0.35796760862715193,-0.5886731260077653
-0.1957175205205648,-0.27477746625063704
-0.9171627350188345,-0.04239946564818853
0.6596551840119937,0.31701896811301933
-0.5101463719327133,-0.6300750976210545
-0.17564914880906146,0.9557676230772141
-0.9651232305373247,0.074401829741781
-0.3229771260407317,-0.6604586337385905
-0.8660691159665537,0.32114647102050253
-0.48247414809857436,-0.6711513463541399
-0.5276010292471445,-0.23156191604289256
0.4997760813508034,-0.6707373055330403
0.1704274657457645,0.20339836320441274
0.07150630584149109,0.3882276045344444
-0.2179891782577723,-0.6165892100073616
0.5895262142760027,0.5572658570241649
-0.1317887681497374,0.1763669262515819
-0.620962400543789,-0.14238822296992093
0.07074784248809407,-0.15052214158170218
-0.291907330210726,-0.678074803454225
0.7048655507427941,-0.323720682692928
-0.5802643392297002,0.297278092323358
0.2592696542258863,0.03656509819039022
0.11175631027887811,-0.9016843514278534
0.1882221688657144,-0.17611932792457807
0.25415481365248893,0.03346087226266392
0.49949881015524955,0.65187973515788
0.5047571367247741,-0.05068095573258202
0.7293695231440362,-0.1096631491943647
0.34710949302997895,-0.7205672956697837
-0.06228731538089605,0.6948341797112667
-0.016664534089929628,-0.995261693099496
-0.8658304422668923,0.2557591834738828
-0.3939078500457358,-0.7732483133091785
0.5901707807018166,-0.6580724481886846
-0.164783865926873,0.5402978560575349
0.5768316770656443,-0.21806282970678392
0.17595443403834143,-0.8860189539140884
0.06477488029233469,-0.9428193274077838
0.008585486205284765,0.7637831529110009
-0.3299047373335131,-0.35560156711055924
-0.8377445967065018,-0.49377428525968536
-0.20994022784462407,0.43274912253834374
0.32670068573661504,0.44714190093248174
-0.7419920709955279,-0.026019194394285128
0.6682849462800042,-0.23115521244332538
-0.7855256813400271,-0.5167749967977397
-0.10746300300039846,-0.4145437135819081
-0.6629312251571629,-0.001449394104863
-0.017383310582870015,-0.30271406284063307
-0.22056149452379992,0.684365151150276
-0.009342823488019292,-0.2532136765169297
-0.009230709884815225,-0.9146688783421699
-0.14506227581960096,0.4535355848836484
-0.5290830410239782,0.4039107161970821
0.20783707996102052,-0.6248882197185031
-0.6223086832358824,0.42790918797503896
0.12794353463480412,0.5503085649236865
-0.15464311270857412,-0.7536891936216861
0.9988157896105692,-0.0012244375608025937
0.27335122641073584,-0.6125695313806367
0.3594478179449987,-0.45354919732941656
0.8324485345811301,-0.4177915571719537
0.7647376911995702,-0.35951513556306547
0.71404285906237,0.25640868697613706
-0.2942688414875283,-0.24322054061239506
-0.3776629462433865,-0.8428381405237428
-0.41103274127044553,-0.14727654238700683
-0.1952408269504784,0.32922177960129173
-0.18340572103288055,-0.769269243511786
-0.26153904277178963,0.756432143473615
-0.03387416041026192,-0.35498026406079974
0.4906110073117662,0.8138961961624507
-0.8175423771117032,-0.001346934721175419
-0.25518076317369376,-0.037975327467898
-0.11448325333239273,-0.6863623940263064
-0.9164902636142034,-0.08997141248715668
-0.8819083122713194,0.29045192280333443
-0.5166039517553993,-0.05998458036998833
0.017927766969603853,0.061670667408729285
0.33693383143862143,0.17757464561840686
-0.44280597459977455,0.821490828119948
-0.07398570747355371,0.9258392447549464
-0.4907834304768721,0.5227886886632407
-0.1840878451063177,-0.20130583100525046
0.5684389445688072,-0.3327624217757488
0.6958921542161842,0.43245611831194064
-0.25346767844954865,-0.46251507484500975
-0.5931579252599393,-0.39567055911915516
0.7384060275796469,-0.0313041591890868
-0.14355595006779853,0.0736067061449579
-0.4677130040437336,0.0809254186876196
-0.3675833154890582,-0.2846177725659045
-0.018164249564457613,-0.9641734053088564
-0.44461716012035923,-0.6829362853262755
0.1897993727495937,-0.9293623434524472
-0.685084513267644,0.19222898775643027
-0.7164412254878976,-0.409525136512338
-0.6363554444447115,-0.1782710288119207
-0.2806814158548372,0.4307327116644697
-0.8561605706598907,-0.32587342897899085
-0.44619911019295744,-0.3809417007711309
-0.44928335091070526,0.00271723679907776
-0.7947074020594578,-0.24852793914264404
-0.5633134497483581,-0.6300446717351886
0.6499036135781946,0.5204775130871413
0.32008283922180003,0.5120683232564904
0.04130954990708546,0.9028010746940636
-0.74789624112094,0.33199379952048624
0.9066793062746898,0.2583357973009124
0.32489678637665875,-0.6549109667516433
-0.18619755069655786,-0.2500743365329987
-0.7783296577504051,-0.5126621669327618
0.9273441407594081,0.08304545942268882
0.19674981841826678,-0.3032544394816188
-0.7218453372053641,0.35652444950284345
-0.05670212368328853,-0.28249471583881536
-0.27379628930273436,0.23687990271693748
0.16451925499529496,0.024112924190486495
0.4758126757735537,-0.7227341500381648
-0.8401066326380613,0.47859548495246473
0.7078094118016893,0.4412632101632463
-0.3172028665877962,0.8558693233407397
0.687713643927294,0.6930268455356725
0.6234789010303419,0.1406189843894814
-0.32344124506817806,0.1297795973568634
0.6997480320501017,-0.24513643459355228
-0.8530842698930661,0.16218694318783355
0.10853725137912162,0.5318255992476464
-0.12512636801297505,-0.43767687809444644
0.4727228521820299,0.6606362108609347
-0.24721906877935007,-0.5807157582289528
-0.3500043991799613,-0.5434235249527473
0.757237082575348,-0.482886200614316
-0.40931672210668757,0.6064639354634342
-0.625666852038427,-0.7399956290000842
-0.5471568464752268,0.7921567395829536
-0.4965995306642561,0.16625869709940688
0.15374155884756546,-0.47551068022386733
-0.6681500236531768,0.28633549964476
-0.43010844298650164,-0.38596511381066234
0.21912971260812353,0.09458754371210132
0.8787215314538821,0.16537373588832716
-0.8755434817801186,-0.4677663111919541
-0.5168407889861992,0.26055051995580225
-0.1628168399383756,-0.22531075970967418
-0.26410534455409995,-0.4427800717386463
-0.5512535343882636,0.28088906696040516
-0.2827825221397995,-0.9505879654826437
-0.6034585643667378,0.4049487419163351
-0.03538739907316568,-0.7256940926820103
-0.07141947030141371,-0.19979834243079053
0.3212789994658769,0.10387425268546102
0.3411658134125819,-0.5102904945731135
-0.3597121563625887,0.923982592550374
0.2801481880282608,-0.27524953520259143
-0.3446588902236214,-0.7858774228976761
-0.19142751617430176,-0.5996180304872958
-0.3351872949243513,0.5275742146436693
0.7020816227386448,0.6520926982454749
-0.37706468380255265,-0.1175726649963722
-0.5471030679681701,0.09453524596769136
0.07344585718589602,0.8904127266538462
0.5781299806325981,-0.1677270851692838
-0.06460108704248668,-0.9032469659480598
-0.5238518284797549,-0.15232217448196606
0.20964775946871939,-0.8821275267264295
-0.09836097474247496,-0.417751612193316
-0.7212172742120533,-0.04390166171344556
0.6259764383604349,0.3650212077207635
-0.933389041618436,-0.1591827095704379
-0.4904989854714292,-0.3850559116438095
-0.16719658455283537,0.22438536464803716
0.7126035325812625,0.08412141037426668
-0.01723397874438537,-0.3579831098955095
0.025348697514829155,-0.9019609305428749
-0.419100564321518,-0.7861494318643834
-0.42292603029306086,0.3238680559650191
-0.682435478895755,0.5661613084774384
0.583047312472226,0.06469501902474595
0.09987084504936439,-0.8905664158571742
0.23376599242772622,-0.7574571311962741
0.6255398162068733,-0.2334052871517467
0.0755851759588353,0.005157355807688724
-0.2397672971519984,0.4012281243740834
0.047722148984609136,-0.23771891408915646
0.38218759758560017,-0.13311117144432982
-0.13253240451278114,0.4906645148424509
-0.4780281916112785,0.3197483110520074
0.4765737026498953,-0.5673519648380598
-0.7159579030227365,0.5474802703461277
0.22131246001164584,-0.046950537612191034
-0.19725699353074622,0.9544019249751414
-0.10187448961897094,-0.6893780224216952
0.19825069786088,0.14071610975703397
0.18299310166501903,-0.4297614741498088
0.37555652785249993,0.8014968371541324
-0.6659432994773886,-0.4539238749813159
0.22642424066656686,0.06828573054191533
0.48872106915492064,-0.017447717518755512
-0.5960671158525621,0.30007683218285397
-0.21409192472016736,0.13664490833701293
-0.08275162445343187,-0.35997471191782027
-0.49093934349548674,0.5428995095904932
0.2258956226207125,0.7238581495893872
-0.5625617506404286,-0.5053379111718646
0.6127753395840903,-0.770173335972542
0.8528195841760187,-0.4107825301086139
0.4715526849562197,0.6419515116170098
0.439437650273387,-0.2909455188025858
-0.8054046857755868,0.32694297726605415
0.45437066063658427,0.08278511128437271
-0.7870927068250118,-0.3196572991643831
-0.08078600075925313,-0.8324208167972942
0.17039910389887702,0.6483878478386493
0.34354959669840146,0.31949352337207637
0.3273368776397123,-0.04759975917351267
0.605428775904129,0.4112852892984731
-0.19694513100984956,0.3512405764027302
-0.12080989533316466,0.10754039822404371
0.056844084724513966,-0.8146777732999588
-0.7383108627014348,0.6125117064945287
0.11236192990069105,-0.8832330492589053
-0.27647733092348026,0.6236160476922588
-0.19842932413380798,0.7217082564347468
-0.2907073622968037,0.5853125435308155
-0.4957707071481787,-0.7322482643860593
-0.14534781752926573,-0.6811334567631575
-0.5409361133897244,0.22069276872610244
0.4111858079106585,0.8891216792019343
-0.06510142793122586,-0.27536990123395255
-0.2781517296828704,0.45991942536737707
-0.4970160062232776,0.7139784167956817
0.2078461220793968,0.46082777232078564
-0.3588471896005363,0.41626394812518974
0.6491065418875583,-0.5505917299019889
0.3252072226823475,0.4736409216289079
0.0979793850670041,-0.975756910230583
-0.3091528993920103,-0.0867766418886593
-0.6805041862949277,-0.27198012145889394
0.6379121034396538,-0.11180003050296561
-0.5441359527127412,-0.07775180268849025
-0.3446045809538736,-0.017650767108317922
0.07698094785079013,-0.5537158346793027
0.2260493891602826,-0.3112415432681028
0.2955783786577695,-0.8792531726928059
-0.512172917912405,0.6391314005239122
-0.8220207880926103,-0.09464048671840208
0.3578936557427046,-0.8403252323451664
0.6390786246016247,-0.024558701709529007
-0.3862228827366021,0.46654318691262975
-0.1767533460246753,0.6633370722998086
-0.219729223641411,-0.4055039663421254
-0.6513177895614766,-0.21041479269943464
0.37432348103236057,0.4040520191702168
-0.6007436023143671,-0.0756365246714874
0.505586756278462,0.027711500355785068
-0.2582552492613155,0.11035166626686355
0.24780505644171558,0.05187243360171179
-0.5378306275935414,-0.2580748876476022
0.10286346537930213,-0.13608281834071234
0.8589588637935133,0.1416440231290066
0.3923832709396242,0.11655605722282059
0.6156906195954832,0.7343910205397748
0.24768538144237473,0.8155603361866903
0.8219769934156806,-0.09478881635280878
-0.17083286783348695,0.4851859022698386
-0.39255483489970255,-0.6270897940718108
-0.874775083800017,-0.3538665906900538
-0.33348475881245276,-0.8104301319895928
-0.8883658193646193,0.3954384745999513
0.04204761929334366,0.5607780911363354
-0.2722045504995634,-0.6788876668281851
-0.1860166793455602,0.5656704621934752
0.033963450205277246,0.13384901889852419
0.2252232924157811,0.09636197139833103
-0.023989782053436937,0.4033770055482353
-0.8224748913667812,-0.42126515734205006
0.13758910432914262,0.8495159136751056
-0.36784520601182247,-0.0098500840935547
0.7027548422153005,-0.5427260391779904
-0.28406480439643333,0.5417447788104597
0.5618429087837602,-0.5957294335137864
0.20201622575577138,-0.4456623387201186
0.2327258571900559,-0.7949002866344388
0.33811698247496036,0.04336495360358983
-0.3541815767301899,0.5263808313370444
0.5563591792660343,0.31742650828910746
0.9397413734083475,-0.07289239933127734
-0.5441849967835426,-0.7501685146124986
-0.159980001606153,-0.5479817453461895
0.8249627809487832,0.36876031862893566
-0.6459687151358187,-0.6679812942631458
0.8638846691832731,0.4447806132777046
0.02123781607331998,-0.15624999567659348
0.6299846546072791,-0.49303516659551305
-0.1017221804306323,-0.5410342092817246
-0.61162359881456,0.7875289465033972
0.13157118425270697,0.7682903226130531
0.08621077584961045,0.41547298033541447
-0.9620627081540043,0.005722189960765345
0.0871990259594182,0.9249910319979939
-0.9528713379988689,0.1975724040685718
-0.24321447693057618,0.5671126290833546
0.867397296526544,0.05546837006297545
0.45981016568192157,-0.7426577612432352
0.06736671324398591,-0.7484370675395464
0.18231584405069934,-0.09863922872051956
0.4596130943827612,0.39687343869873537
-0.2786535277569828,-0.6327327817148045
-0.27671783286599383,0.23093324287948902
-0.47568633095003476,0.5580226456855533
-0.0671902106031208,-0.8618297741841126
-0.9323910527450585,0.06297205871542766
-0.07209172340158121,-0.23668701569446404
-0.10020188929346419,-0.5588718942640192
-0.43432994140274284,0.7296660348710116
-0.6181377262947529,0.31770185608224955
0.4816230123436198,-0.1079995757140706
0.25741359439870437,-0.11702976025439504
-0.6165969263055535,0.7707350904690311
-0.20412311482616086,-0.44785739518930523
-0.589991262227799,0.12216597961971654
-0.06007697223551767,0.09302231326658017
-0.323711286946452,0.6805880091542993
-0.8298297197442523,0.13394086439419461
-0.4101140110632835,-0.02492083205847062
0.02232434478195544,0.11201157085783975
-0.4512608620103833,-0.09794239141258476
0.6341132670959859,-0.5317969099784257
0.5126714500270486,-0.6657073829017675
0.7180913869998091,0.431706298346729
-0.5172103466668114,-0.7160321897906952
-0.6617259809395768,-0.4393528474331101
-0.3909835097990477,-0.6073962697791202
-0.7575825428983156,-0.16663973917363117
-0.684305264975241,0.4145911451479052
0.5885704169440413,0.12687637775971217
0.9271012904667513,-0.22882943066178663
-0.5147032666723217,0.8388862422126384
-0.6817006329932154,0.09882160355230107
-0.6858069340027317,0.12558080023712237
0.5158691037769962,-0.21760625177654602
0.5144563434171998,-0.5115265851856681
0.28024149158920086,0.19804344915355498
-0.7914853333981291,0.3956238190199979
0.30229942542477106,-0.13518867153595315
0.7725159174590455,0.3341429620349401
0.2894235113242243,-0.2860028825205463
0.8247947359524386,0.20928464791076684
0.12122102001712043,-0.24312583331457405
0.6584947791159752,0.7375498104474929
-0.36454277286056813,0.16311597831948688
0.7869338059674855,-0.14184482655067576
0.3348402533474568,0.8277585566217776
-0.10003191000678258,0.5103662639350957
-0.45628430321286095,-0.535930333712612
-0.28758455747230527,0.05313832892333137
0.17084427301050198,0.6808909213812187
-0.20809052840091802,-0.6896195986386247
-0.3902448201834068,0.8350209346438711
0.8432820636342908,0.09453326736394096
0.9271566324712162,-0.33210492608438225
0.8212717254330342,0.31829438172942615
0.5400343275594772,-0.3530857249686401
0.7551622000769287,0.2646274219539928
-0.49922240049464817,0.6058197596750576
0.5644780485788421,-0.1660472249417131
0.20251653812605586,0.5240528977076968
0.8548837673199203,-0.039004913462985735
-0.7566614629209412,0.3857453012823562
0.15301502803136136,0.7373336431894777
-0.6919524299652504,0.018254477403135905
0.2931107877680643,-0.4529539013019548
0.055749537031556384,-0.3474436025128349
-0.8161498868580699,0.5623477543845312
0.559380715043309,0.5522390964548134
0.5201436597076836,0.7362164861302491
0.07168255659852218,0.792552742708019
0.4395645527662084,0.2084692444300693
0.9239636899126318,-0.11139170792424413
-0.8972890301812317,0.3302538440715197
-0.7607617096554855,-0.28040559265334175
0.1859148723726063,-0.35162872296427805
0.2770190120643925,0.27741315544058787
0.31620616812759117,0.20142569221801265
-0.3906192429847688,-0.19241511802953082
-0.19829695883991882,0.7714731091784248
0.4238818840200922,-0.18855610169597536
0.020256425915530007,0.7123224682934302
-0.7386646815909896,-0.007797245170207745
-0.3580970132867718,0.9093807542806314
0.2964398126949934,0.7567506246775999
0.7201262648360398,-0.5712850395351674
-0.304407487674923,-0.8309894594032889
-0.13585695553332688,0.23811225046882045
-0.04670283254731511,0.5220450928551958
-0.1783821544694475,-0.8472183948830008
0.38356101090390204,0.3236116098494404
-0.37457333238788926,-0.16257178897421665
-0.36434624462916987,-0.046921550155800906
-0.06105764806124081,-0.49428455874439736
-0.5186442286329027,0.8068529001670062
-0.20798641625946246,-0.5285669143210465
0.5645297811072083,-0.7057086308620613
0.3269619807437696,0.8037399090845829
-0.3066222080913845,-0.17138369941943354
0.15494752822177982,0.9366837753309385
-0.021208788642515852,-0.8146005050978835
0.2707946660342244,0.5232876911778017
0.3024411678997563,-0.27323514872365684
-0.07745360817961622,-0.3116643218550106
-0.5657488190706819,0.41684880111357514
-0.7410437661038796,-0.15099582590191618
-0.23580506622705455,-0.4456863522180361
-0.5009510034639271,0.8051088535903583
0.16992803203953777,0.8915905437382632
-0.7939297774543583,0.40379663493719087
-0.24919850428468604,0.38977507671019596
-0.40077583022211827,-0.12130189503480326
0.0864520290078663,0.35294540314631173
-0.06647646217713454,-0.07055411291814839
0.7456855556901734,-0.2388260375020388
-0.07032154082567388,0.4470361696516614
0.6019820431624208,-0.36294748929612064
0.37342411951364607,0.44936530889144644
0.23464782712518395,0.5798837389034244
0.3604619162271021,-0.08936805840676243
-0.09321350957184249,0.813646133210373
0.7071682077813624,-0.30218208459786666
0.5790767331635924,0.4112368846511061
0.1429415097862614,0.4448296644854577
0.7393844515373289,0.11002086799138588
-0.8439723209807413,0.1724829484206174
-0.29718377207201985,-0.30030781777059246
0.9193118511780483,0.014207304512696028
0.6626442502954337,0.7400130992519951
0.13506101802005333,-0.49238678708921624
0.12021100986603717,-0.27795911352387903
-0.2951478340717768,-0.954430737992289
0.06538535553372626,0.7320858764801104
-0.5828809529335597,0.38531875106651015
0.7628527535079324,0.020677660762492778
0.8617091125078995,0.08646598432161512
0.393415848007155,-0.885929475215677
0.37601883899512045,0.8658104476088133
-0.5941999988016484,-0.5234107166723567
0.8994530231715829,0.19436353481758806
0.13319475920287505,-0.793268074455957
-0.04323503328177014,-0.6020902892117819
-0.8770304073400697,0.20937496414836798
-0.724803322617743,-0.57699878477773
0.5463675659199423,0.11988746582890975
-0.5369940842698024,-0.8411013613305631
-0.0021512253792590474,-0.8388643089432837
-0.31011722017772136,0.8713627000728399
-0.11847063804721714,-0.9834366626025937
0.7540288433308984,-0.0025449915295459036
-0.3990638671336182,0.1840100380209193
-0.07550334555412719,0.88147773745554
0.508991526218135,-0.6378515389624075
0.21507732995499262,-0.11554029218492357
0.4075475771788337,-0.8376461119473042
0.5107043358097834,0.44778834533374945
-0.21154676274814177,-0.478965301894944
0.2518304349117817,-0.9261866521606545
-0.7317307203586776,-0.1875864303199044
-0.4935088987202989,0.17346327994513744
-0.5588630231658143,0.3304193003668414
-0.6748149371699341,-0.19596854750963044
-0.34549519582049815,0.3327815012817592
-0.17595777263547885,-0.03386390731719402
0.2432111782736217,-0.7503880478576981
0.6971586111961019,-0.5196392800412759
-0.11088251964681306,0.8602220371541907
-0.4936699372489488,0.6450970418673745
0.6412311540503448,0.0066902800958204
-0.26707837369082044,0.8775967373431801
-0.2539780657963757,-0.37346830811866205
-0.30213520304815344,-0.024393915497997742
-0.7849686639029911,-0.28534660997020933
-0.5372354991245314,0.45501076270288765
-0.758938675533152,0.24283894285062346
-0.8914993586981159,0.05275392218853936
0.3144636406048531,0.6518980317809371
-0.4291371869702867,-0.5478164157693999
-0.20685188611699923,-0.7646094677848152
0.11347137161386,0.7031341642431599
0.8236159821576248,0.39673232113420354
0.04649283399263737,0.17930730092811098
0.13699613979516334,-0.9570902540778923
-0.5966801961532027,0.1785047483369362
0.43097887511308075,0.7560262794090755
-0.6772614154766536,-0.6720973564946087
-0.4504164017124739,-0.07665781196235288
0.4013046595760381,0.05547677573182597
0.44106208153217374,0.8296700872625773
0.19924272768532814,-0.7185121092398137
0.29622481418925783,-0.6115612915498472
0.6277423562134246,-0.32221400291358115
-0.38793522080285325,0.5087465585666224
0.5643323769462716,-0.8175746590815505
0.35744866250337126,0.4684224107553061
0.1241470077285507,-0.1868228670361447
0.4353126721747169,-0.8295336061348482
0.22803188291493504,-0.9480552280839587
-0.2536846516542888,0.3080165476661354
0.5002953376466668,-0.6514597595611125
0.24567035248640323,0.614830358673172
-0.7551322288516795,-0.2926489010417421
0.3065317298276531,-0.6678712110377925
-0.3902324758188258,0.17906761507526503
0.11451762490161355,-0.8265240459202061
-0.41634718486112154,-0.760897563974811
0.1178631718545895,0.42411618981752497
0.8208757740885655,0.09206768538762566
0.5822695102278181,-0.34857267360500943
0.36547912511059755,0.8545287292762023
0.054829361344880034,0.9371884856695547
0.22497905536826068,-0.8533650010588609
-0.5699944615709567,0.6167525058587009
0.45350792900039405,0.33781410951646373
-0.2791113539091865,-0.5134207113885314
0.7974394631407946,0.1958175556258912
-0.011416812080631278,-0.1147612228404018
0.6304883870299003,0.7288535259934854
0.3861400056643536,-0.9193143741895597
0.5028781901175592,-0.5011077707641143
-0.3343562773296036,0.8136140808234924
-0.008764877930435233,-0.6114333878943186
-0.6671325644592057,-0.6749449033824513
0.18843980238903568,0.7564832092907416
-0.5126970581435599,-0.020727410601844687
0.10243296677932423,0.8818635040495724
-0.32084516318368905,0.05691530385319998
0.361166342291408,-0.39325143774153637
0.18321140132519087,0.09968745800421064
-0.8106182768604782,0.11404905749399297
-0.8122312742959803,0.26538586012769616
-0.9923132082023014,-0.10240521717086803
-0.5989595291791969,-0.7002529422713211
-0.11021814795575025,-0.12527594298890277
-0.17786293743562398,0.8235002170586785
-0.09673126435706214,0.5915752214778587
-0.21704396758634714,0.1596632522132071
-0.5374678937391115,-0.01935848677375862
0.17456602418114087,0.10749158831974803
0.4674471161839975,0.16131085065016215
-0.42438128852416623,0.3684520370857596
0.29026971396927825,0.23388426776924653
-0.43870700981633504,-0.20449323993648116
0.2490950452811389,-0.28833866949264175
0.6657094493765965,0.3623348019910346
-0.09572908206185904,0.35991703786877105
-0.25460125594330885,-0.6157006150783775
-0.3161350875763176,0.3629582192583358
0.20124776657872623,0.8741949958481989
0.20273161333943923,0.33359765901715255
-0.4591563785842754,0.5688158368528584
0.1072510398098816,0.5329531015101885
0.7080294736528041,0.34957214514202084
0.362201223005989,0.5486577282860352
-0.299698653188327,-0.7183660426610168
0.1904392287920278,-0.3166315397234518
-0.5092467587276934,-0.6601697494799879
0.16632187270989185,0.9630094529959163
-0.5731821129100365,0.620879529092752
-0.44610629180640626,-0.8501951517431354
0.656758447325184,-0.32335463067576886
0.08098815423811456,-0.4359074626228765
0.10553759068407476,0.02137749227803898
-0.38108831997919146,-0.38198354883474517
0.5939630008406014,-0.77245297486472
-0.6635573999447211,-0.25569982455665086
-0.6210422307799952,0.6427709661589345
-0.06509776627269592,0.45244290798639897
-0.4479785132889107,-0.19130007862814735
0.7930059293255152,0.3329576401643488
0.47780851283638004,0.09633904429353812
0.813464475410554,0.5798554559364841
-0.14385686845923784,-0.7487257799752514
-0.573488420139219,0.7683602721794611
-0.3759269663491056,0.5894586920677483
-0.2561756248025151,-0.3290086579497393
-0.7863436279602245,-0.5545915420527101
-0.5746961380777624,0.11839381687126749
0.4086628776671286,-0.30798917542611637
0.22708148000533268,0.23235708351406825
0.6291346175399259,-0.18688961175274899
0.14748840601775304,0.1333466680829123
-0.8048906701098335,-0.5778990878513932
0.7388201214068459,-0.0818976027942615
-0.13280896662660902,0.5808208375131758
0.5197131151693339,-0.042275461247747836
-0.35675396993089703,0.2568859987502672
0.8143116806234101,-0.24269070555381922
0.13086468501274928,-0.05451335224230669
-0.7230597867825646,-0.5419684268269835
-0.3280954736459947,0.4997430836995882
0.5955164806404396,0.1442248927558316
-0.7681154983159788,0.10268689083778781
-0.4579831851667029,0.5577106350863426
-0.13283258555719302,-0.40778306827560407
0.08446775320890065,0.986812660435145
-0.09364833371527381,-0.4229932031311894
0.1774424296446797,-0.2731275239159672
-0.21124429934660083,-0.9564977267181498
0.20783811347904546,-0.8792048793783946
0.6818853020169631,-0.4790874992009453
0.3297160620441646,-0.5833281664368162
-0.5381969757917171,-0.44476013489317223
-0.5794681163426072,-0.18925668837092968
0.09074320075523312,0.039202267970730675
0.3211297187750606,-0.6150908496837586
-0.05810676111017887,0.8561438596821644
-0.5652046097415979,0.0398751286477641
0.8499453946456634,-0.011380234067032369
0.8695964006603907,0.17362066439893264
0.08512241480108762,-0.2809888610152729
0.27742263949655643,0.8052430490877325
-0.7719072633499708,-0.5572370204129669
0.7548547816933973,0.5353815884627289
0.025485100883948064,0.17193426917794796
0.4267221052247412,0.5660946680479568
-0.0301240813464696,-0.4368988005797445
-0.4707622999804739,0.7505312856695163
0.09898214937361782,-0.6106598319744918
-0.3111610992430398,-0.3937068389686482
0.5122706100239844,-0.5306930924116986
0.19397800289938782,-0.10324723614484954
0.8148784335419612,-0.0042609990832371825
0.02747684477967094,-0.39027445232871316
-0.2177920197913359,-0.9145111005805067
0.4111564053409451,0.8040208744671962
-0.41443083872068676,0.19732330227021277
-0.09602855847465008,-0.9610667120120191
-0.529122029660666,0.7747467863640229
0.2776996810881427,0.24926793098103084
-0.9313025617200708,-0.3099852605741704
0.28140307779003293,0.4570800373785757
0.28675137920053206,-0.2584830682018149
-0.23502767018092374,0.6850470901376811
-0.7417999251738459,0.2631208640327163
0.6052857151747988,-0.6724223641612348
-0.9360468120497603,-0.1451050880428164
-0.3579363876947581,0.26712539601487917
0.042006859288836074,-0.17545501727938473
-0.8317366229790664,0.2905274029277076
-0.5786606621643746,0.6368023340872415
-0.2596866088977414,0.6004166704208429
0.1576065950737633,0.3068209607373513
0.4929823073312709,-0.8181747286111827
0.5062873564133716,-0.6919749108254336
0.35412155639973175,-0.6049277206495882
-0.2521764283224497,0.7440247368227391
0.5070308258944412,0.29301612557080436
0.28105745446674457,0.3345181752610993
-0.5303013678145636,0.07583720838847063
-0.5227210582929487,0.38465035083624466
0.40044867246485283,0.5711101016804458
-0.2684600080901951,-0.8806777352722217
0.6085883418016733,-0.5524701820949494
0.7245536025612174,0.5986305652119814
-0.8597043441875496,0.1425332771719665
-0.24576975677826596,-0.11266220590017317
0.41103236916266184,-0.032706591091786086
0.3179606416192404,0.8380506366391649
0.4572292409489973,0.13262406397037796
0.8857371694521965,-0.44709220573288766
0.5839400339008511,0.7000880280080586
-0.12055667204387954,-0.30949692660271966
0.39769481591931033,0.5335635786666177
-0.09783507749480003,-0.5052611988731808
-0.663079029724015,0.6714715048141029
0.7595610576165044,0.3617618221949206
-0.6658462077931635,-0.3617676115401618
0.8270723217332003,0.37723816102772423
0.04655140483275044,0.882519869579866
0.7566930104983454,-0.15759041633216841
-0.3707598881338161,-0.5125444862188842
-0.9308153289705909,0.16878929171486257
-0.46290560872061537,-0.06626823908211765
-0.34184051115950465,-0.3609224685272501
0.6449780183953409,-0.460910243055213
0.29840082461132167,-0.7329129716264953
0.8378414322679815,0.5221871389729154
-0.04749533083434465,-0.046246636599753366
0.5509323144047116,-0.04122529362496952
0.1210757354505465,-0.6538530254230981
0.838225149053347,-0.31029640876073006
-0.19443409205111095,-0.3338991713860009
-0.6404640584792358,-0.031002959046548817
-0.1375707552336205,-0.8109163266956445
-0.22976680943571814,-0.3034936907969561
0.9794957856209328,0.13068272359092448
0.771968624624553,-0.4616862505766226
0.7688153033018816,-0.5686857803665923
0.2855614052344797,-0.6375683179192562
0.3545180142481881,0.5510513458813207
-0.4988700279335614,0.08788118365053088
0.8152912531591208,-0.11269298459146371
-0.3924418429789176,0.797208973245539
-0.5654800827429147,-0.6376069680935526
-0.8096305975859732,0.36996309056744425
0.5188018200035767,-0.3621798990441898
-0.23464105321926887,0.04284242204184063
-0.6913077300265822,-0.7131252434774293
-0.11936767235994439,-0.8782301121879483
0.8813625502881031,-0.20747198553547963
-0.33879682897374774,-0.4727655805163682
-0.16085544198249724,-0.713727489330384
-0.5218821934161604,-0.5671100461596796
0.2909302712907067,-0.743026767178764
-0.3414304993046946,-0.03847919521865362
-0.4574482937507818,-0.7449599720687414
-0.6836699135883626,0.43497082450875
0.9401685162238045,0.13896294270292864
-0.024154581316375046,0.04840454786984627
0.35592126758663944,0.8063137607815734
-0.24004410262405407,-0.2201327021503383
-0.2801791597484342,0.13421370586120673
0.08756139901597493,-0.5590234022970804
0.4900468266981681,0.6668584228947951
0.18920264223279548,-0.7071852478345309
-0.693353190184627,-0.5802859213055165
0.9235805889211792,0.15393586328101838
0.10701828717241946,-0.5295003724648242
0.4750762611134405,0.16577449809095057
0.4136592052840211,-0.014849167354004988
0.3981690312161055,0.1347200040372174
-0.06261873464777312,0.3518453278748672
-0.14252226190427475,-0.7882355410804283
0.22307386350283442,0.7121789629634974
0.03917636135810709,-0.8881343901292571
0.37246625817703993,-0.2213666626116111
0.2110339023866008,0.5791859929338412
-0.7966589158806454,-0.6005413838555704
0.7489505328338792,-0.20793426333657106
0.4458634207065626,-0.5454529351185327
-0.33761068042925624,-0.2567394646082435
0.07970258168579925,0.3508240770771276
0.12520831877398053,0.33973244803613456
-0.8177921875560208,0.35023869771881255
0.14140305447030022,-0.8707904547529917
-0.6515178094849814,0.6370576679026843
-0.41115220017332543,-0.8624007029984404
0.5675121773863903,-0.06778114202272367
0.5602503550947806,0.675722937310238
0.6612943824337587,0.1391436602708367
-0.4444672838464261,-0.5757498909136527
0.4836806375742768,0.03198169377449345
0.7552950439574249,-0.46411791235971056
-0.2705753951587062,0.18752446698104652
-0.10897781153184782,0.10550613745073201
0.5078953208779491,0.06585030399219693
-0.5758709009950844,0.6214714324146151
-0.276320483111979,0.29363979986312105
-0.7450392290898757,-0.12716377230195852
0.298956078525654,0.4878510742976667
0.7814673920618764,0.3122179476857103
0.21945151842902488,0.4187537410604609
-0.7865382466252235,0.5752040683078339
0.102220251019429,0.11479843959385572
-0.2491510466426916,-0.03927862455968256
-0.1876273232957435,0.31043218668533235
0.7348925399891748,0.016478571511282736
0.7422010397117667,0.14677921261185434
0.33140730281377806,-0.7916670922383504
0.34456639298806735,0.014059141368690797
0.3312498874679115,-0.8354616234419026
0.06917279676523602,-0.6984746209093933
0.3718596230267701,-0.7777198002854622
0.6586455429234226,-0.36810240025513563
-0.12340206540749743,0.13192596353514952
-0.5752597282521805,-0.6740741492815641
0.3657825709763338,0.08778335317881969
0.3451626593478887,0.29682657592889483
0.4978285387955881,0.7843471474742334
0.8696656295783431,-0.0832583644376772
-0.35998602310681727,0.8229204303833746
0.533198068071215,0.06461890287875338
0.05005364380012289,0.9561184107191991
0.49377720469701036,0.06767813435190617
-0.29623490440951317,0.22380770132665506
0.1916239394641719,0.3586508419418508
0.42734814042744396,-0.8995460950245697
0.7619092368869427,0.10398078148345569
-0.09277241172763673,-0.08771054561607428
0.10061759813186599,0.23484533271851293
0.06902372135632073,0.09652168754810786
0.04739085398927334,0.7650432724949947
0.13908125021834117,-0.3922867902193419
-0.8976083599126872,-0.38902397874527983
-0.6602895041298213,-0.48415646016358926
0.4533171477602589,-0.8744723648597963
-0.6371688744072841,0.46742472558602777
0.04866062980529029,0.8413113619798103
0.5996701003448819,0.5740354462996249
-0.035924339942841055,0.7030725220658911
-0.8793273164500095,0.3300308210694949
0.3775325629844515,0.8438741674304417
-0.41669801515941773,-0.16960752412360613
0.1855158922356841,-0.7481316222965155
0.19872765417440252,0.5429460450615828
-0.05672844269131505,0.8128332426698492
0.584074192120452,-0.24972412489518847
0.7224032646308962,-0.6191940898846788
-0.45016024915236175,-0.5140144330385439
0.3233052721343399,-0.8318758027084123
0.8825556131630878,0.4652401379653941
-0.5455133648109025,-0.7460708513727103
0.4956911747112809,0.46347098114247776
0.22580725543299152,0.3638987146230439
-0.8548194680010355,0.5013462341398807
-0.49359622000743353,0.23020192636693215
0.2606046840692453,-0.32317718830126485
0.8226787482450078,-0.4935540413333117
-0.45182896817306206,-0.38977913828544364
-0.002577955614196492,0.38088355262839024
0.15017007277802574,0.6780208957252811
0.784483011419149,0.23996019336599517
0.36277046026085324,0.8925470811826506
0.0438073988310006,0.0012582047462494916
-0.347036779379156,-0.10810964385389199
0.27559001845680986,0.49232170740695036
0.39938013035682074,0.43712159007037
-0.6969065674677779,0.34200209700193707
-0.07344111749488835,-0.10701811726258881
0.3299159992671665,-0.3034757990493353
0.10163111361054877,-0.3833217397451698
0.0024459123698934437,-0.931434934296659
0.5127249782723011,0.34680032921264337
0.0818932957947307,0.9836381471874662
-0.934373895983766,-0.14899664032692406
0.8009786412288984,-0.07289179383936695
-0.004274024526488507,0.16388651021817058
0.7266158760015147,-0.19259151853953127
0.3785602850366314,-0.09054597685053989
-0.3792552323236462,-0.05673268535585296
0.3712995563816075,-0.1931716729907138
0.9049828561220006,0.3332164959783781
-0.35671561883267633,-0.8273027409072307
0.28128613379961087,0.49787621041580277
-0.22637801837384375,-0.9525561035458938
0.41880401980354054,-0.9070730598799637
-0.05333053156879819,0.23905215274131852
0.7977102826247475,-0.22872987213987583
-0.35558574688219746,-0.30641613470414253
0.8143851099586179,-0.28261908501698874
-0.6309458095688301,-0.17408996337179228
-0.6548121009572139,0.565427173692072
-0.577313742804239,-0.13533127566141712
0.8860008435413838,-0.3989171370651097
-0.7348889932257971,-0.5062997848232573
0.33769184427017773,-0.7495879482658199
0.20254833874327227,-0.7414819820760539
0.18267201826905533,0.36468149864915045
-0.48152601882981116,-0.12125116363559352
-0.7853137345430563,-0.5149219863209555
-0.010650369631773904,-0.3084609224889776
-0.006567673587147604,0.45071176979436123
0.9776368905702733,0.07233837075273897
-0.40614485286667423,-0.6805555065356774
0.23992319766600478,0.29983347165087126
0.36627105547920036,-0.159705485190764
0.7289361201177875,-0.06306617986514618
0.9352144671646974,-0.1266570028981262
-0.14900090820568068,-0.8045919141354307
-0.0313901035673676,-0.8296719485371706
0.3876225876724533,-0.05840640360187144
-0.527177310720016,-0.43361784949363114
-0.8058284527832957,-0.3430047185775189
0.7756895157094221,-0.5495630935624587
-0.977433780395957,0.0925950186101796
0.11435872689450521,-0.38023437815631467
-0.7416987582790393,0.6055820897237989
-0.19208354399348493,-0.6281365151435909
0.921695079572457,0.3603178880160316
0.4042594605116612,0.7233664767405661
0.16463250703473853,-0.9273495968631373
0.1240004679197213,-0.7201303855149945
0.7419264550829685,0.43648188016495615
0.32303917154147355,0.5413033277734873
-0.7722955795570421,-0.06615257846684997
0.4162712202435388,0.6823714289950689
0.3959643399561943,0.47319805455474184
-0.612105736385177,0.5840443452265196
0.03885576428765147,0.6630697176914533
-0.6072534819436948,-0.7570826734941358
0.5793890383360663,0.11490134568934285
-0.0036061288889397414,-0.22693824541375607
-0.6864903231549842,-0.5056590421922669
0.6151776969784519,0.7727176615744544
-0.7593369312362812,0.03003668245475888
-0.08302635828346605,-0.4726564846660124
0.6090427006150707,-0.03137747654190437
0.09625356275625263,0.7793976843476733
-0.1453628650439145,0.8055897349085481
0.7567753275365703,-0.1357748705358277
-0.7287957497270161,-0.17490450342869468
-0.33279580538868414,-0.0010610196280329554
-0.4987871283148828,-0.39869399886169443
0.06506236169531388,0.3059778934113655
-0.0033998216002584236,0.8076232657075095
-0.6873769331855366,-0.5730239108378989
0.3202529667313345,-0.22615590663651264
-0.8954189834533803,-0.30887526652124064
0.8585570203935775,-0.29960904777814057
0.27825225775529394,0.892728238592321
0.11790752853298603,0.4963415902099524
0.39019783679599374,0.33015019611180385
-0.23602094053984213,0.1449050099132576
0.3826662171523898,0.8652116617508394
0.21419003254982738,-0.5743772092629575
-0.5732711367627061,-0.3299489217509268
0.04834917277976114,-0.0063028345983595635
-0.26165401236938646,-0.013788951779942327
0.3287175204259438,0.5922420381838238
0.3249111583420541,-0.49819058709236064
0.39647738614792005,-0.7628643591004272
-0.061669413500629044,-0.4409860259352294
-0.5129724209830797,-0.5982667356738718
-0.646403966194214,-0.6915013091179893
0.4652961941773326,-0.014739909014175545
0.5793590685040761,-0.8054047803810049
0.7234630989034221,-0.2331567288511711
0.40240708711328543,-0.5094929670212649
0.6428212042266495,-0.3162201773624318
0.10974528513984128,0.226404589079803
-0.29438286018879256,-0.40367856655200285
0.08560282965821697,-0.8639057114014905
-0.5231336475362083,0.6328557425000496
0.29161270646846615,0.28961767722928067
-0.1646727449170895,0.3223912937184412
0.5647243402926894,0.5957603407438674
-0.23573530546307975,-0.261928282236769
0.44077360789779907,-0.8470089416758348
-0.12490799402810793,0.7091411161797303
-0.6016959750284328,0.47518925906127163
0.6116477748856237,0.2945022594823894
0.7457353301330938,-0.5639974446032823
0.4252810086329257,0.09404972835261072
-0.1646892493387735,0.1153571239232194
0.0479445433493888,0.8729545515150807
-0.2654710982562358,-0.3832601658440864
0.17949142733806922,-0.8318047296793778
0.03305065898305837,0.5095523321266531
0.1634796427520404,0.10911586155898956
-0.4213933851843714,-0.8822169018319208
0.8639986315372461,0.11417109520377533
-0.24440855135714346,-0.24651154802446773
0.8194329205542954,0.5613003406234347
0.5273794502066067,0.4688288227686954
0.8714758656406134,-0.06356527031851322
0.3193399487620583,-0.5579073683420366
-0.7114606194255335,-0.46813532365211974
0.6082333925053669,-0.6109393766365776
0.03651673758802776,-0.15470107889220985
0.5146801666129599,0.6148422249749372
-0.8230826719377953,0.14134662432698364
-0.7066279806642759,-0.04970789072831394
-0.32869479619950104,-0.8988804665640611
-0.65013316720883,0.5017941408215527
-0.3824099333418811,-0.22872463284726097
0.06367227514739193,-0.7496623296551392
-0.1749820004887539,-0.3302004980315578
-0.5679179772041167,-0.2167754858563271
0.08472640470626458,-0.05711258489698201
0.035231479845097446,-0.6785941266037054
0.2614239392729967,0.06755044656097042
0.15724691096575705,-0.5331498222369027
0.27471073614198827,0.556288085214593
-0.44191663047994,0.0425788659427373
0.7903068367164068,0.3785965865244567
0.2481471305479952,-0.6495333569302641
-0.14388980235660753,-0.38684709337569045
-0.6572338847731161,-0.12755532010682913
-0.05301592012086531,0.8523642806292089
0.9554463623451015,0.12143777352323482
-0.7403176984684374,-0.5704278798406375
-0.008036042922641595,0.42314547423493587
-0.94002500949777,0.25081090816459795
-0.2497094536046991,0.213999952291279
0.893090631656815,-0.4299108982349673
-0.3783116003879745,0.717448758267129
0.5903304681249377,0.7034173722594044
-0.06548462194943538,0.7104069149025716
-0.33850437732609007,-0.3052473784889851
-0.4515892829529682,0.855863452640856
0.37845412634437103,-0.6841671225987402
0.09552549533830468,0.1821230967045253
0.013986676802547393,0.7951353627829265
0.6436099729146443,0.2619767917798679
0.024643433752848276,-0.40247964819706006
-0.274662479933214,0.9445960800053945
-0.0660033653247587,-0.470713582687166
-0.03508695948512708,0.8280023651089208
0.5176977730928847,-0.7963947087615868
-0.33974924580461985,0.11291447005946043
-0.9301875813735909,0.011800903294264087
0.3459827722440447,0.9363604679448831
-0.32239080511982987,-0.2078043814889381
0.6771282243132912,0.41367275431058026
-0.10257666198220083,-0.7025550484165628
-0.6052197632236684,-0.03336991546209078
0.7590462962552844,0.021652270670570628
-0.2418917098070017,-0.22585296855183024
0.8629625385271247,-0.03364624632331581
0.48544634129527897,-0.16880428560437077
0.0505357065125418,-0.1030508787185691
0.17293269280558543,-0.7915941938335016
0.9871937345424384,-0.09467100149256025
-0.7884319197668817,0.5553663545502732
0.48493886890724625,-0.5258053648520455
0.5635043129790123,0.7831456810555475
-0.47742676458279054,0.606862637392422
0.04419940189356808,0.007441508644915107
0.408272893449805,0.687618940151222
0.2697515079312469,0.21376378881823155
-0.04034253956571976,0.9677769378135226
-0.17588558549961975,-0.7676148744143239
0.39727593289790986,-0.6906487155567564
-0.08120282926467404,0.9920106402938036
-0.1797756504759187,-0.6091931393828938
-0.193814692177124,0.3988369425630178
0.24816328736957072,0.8378988373488969
-0.6334373419060932,0.03541578698191561
0.27900881318483983,-0.09570290574782758
-0.5154070134603033,-0.7576304374458529
-0.5117200065593097,-0.5353383232537601
0.12911698185882825,-0.32293487192369597
0.23595831780901655,-0.7242488329134182
-0.1921534670281384,0.6244471392083069
-0.44138091306476124,0.652241543247658
0.4842649393503806,0.7382458792293165
-0.3045877226930489,-0.3358600223145354
0.028490013112092427,0.29622951104375406
0.15549017751055172,0.3269149869494643
0.6125792456629044,-0.14135847085839415
0.11521041920128172,-0.42651705003578977
0.11295579662425004,-0.9364132551532707
-0.5494162869565149,0.4801246158059942
0.7869303925173683,0.5362749442384771
-0.07847512063032469,-0.819934999285546
-0.20631149628882994,-0.3410463415848892
-0.16708623124831545,0.3767116996833597
-0.5204132174392264,0.1715648031036643
0.647674068358074,0.33490216101507553
0.4052759019686909,-0.3340807083787545
-0.7038941674309152,0.41622044761628607
0.6796058037196056,-0.3191996100038197
-0.6022878782613839,-0.3137309743178769
0.5100471282209837,-0.7707381948910743
0.7070493615624394,-0.08936572532786946
0.5684230518021793,-0.787709376342121
-0.5401583932743748,0.6986460322511205
-0.585062657872327,-0.15141278293466254
-0.7993428774701814,-0.023772390957141232
0.8435259883618897,-0.3981263780451443
-0.7415944695288494,0.4430452247430767
-0.023926626479159774,-0.07752118861181989
0.19600012471449313,0.6172497515545852
-0.5311151328445234,-0.38158221322125385
0.19503605961503778,0.443569465308264
-0.03845175901371878,-0.4172497331228422
0.40996132948738007,0.6913204218616789
-0.46881674956466224,0.14391137134612575
0.6106110797998285,-0.11488890300639998
0.35079674573691544,-0.8667424567866946
0.21349385258363696,0.9703997556503847
0.3355452345755807,0.1860175124483845
-0.836898685957874,0.5463912330077818
0.21232907841523097,-0.04391510239159846
-0.23607968566833315,-0.42042787851915686
-0.555357740637902,0.14995910845980776
-0.23615618735299915,-0.5259736315069226
0.5392391875123395,-0.5498283618421573
0.7542037246190898,0.1412139409582147
0.9086433632857378,0.01867929209278074
-0.7638957846171757,0.26966005789755587
-0.8845942610826845,0.24200557391399435
0.503555791902311,-0.5512368448422731
-0.12295858306203233,-0.45229363174577086
-0.09476311793218328,0.22253312791008772
0.2171340323521842,0.7239498303110552
0.7447981918445226,0.08042711798001001
0.8254989910243304,-0.10388861581618869
0.433690293722385,0.8267670705556893
-0.5203289321194269,-0.2991238692534153
-0.9490224472135746,-0.0823414469173287
-0.13471900390794667,0.5959754869656808
0.2903416515608839,-0.29694024349798886
0.7107520020376228,0.48124315967541764
0.05822769351211132,0.8145413636620684
0.5840712639047245,0.5655208123457682
0.7190810540051344,0.16503643211468688
-0.5826383223743308,0.1947398168298251
-0.4553083328789651,0.8256932508363082
0.373220762553645,0.6536785556443987
-0.9002485727663139,-0.3468406787608842
-0.5660193727493166,0.24561161730094816
-0.15947663493376596,-0.6456033044733962
0.4857507998108166,-0.28343379784477785
-0.5280243752198106,-0.4675824445341994
-0.8026690440785049,-0.14446721488806125
-0.8607130217234804,-0.10980042563071968
0.5394934974522154,-0.2704180507045688
0.1798655181875226,0.2974373068799876
0.381776337066948,-0.7782613087859265
-0.44454085165748847,-0.8384576319861492
-0.3753755847575464,0.7701385616079888
-0.8149270730575469,-0.16232870835837643
0.041632544493864776,-0.1800893906944332
-0.07363890863280753,0.5689258461881799
-0.6341110004327912,0.3407655352068557
-0.5449950862101116,-0.15290831843761898
0.5857701285481729,0.775233111755633
0.6537586153571613,0.43210317956292377
0.9238448697782937,-0.21511462946859927
-0.6705505197003068,-0.18390662656135026
0.7152168556584757,-0.05425435123717781
0.42625272263349245,0.22179655884513938
-0.09694124520963077,-0.15288605141771638
-0.6368902743595972,-0.7073717042640901
-0.8346769802755158,-0.3410329543131836
0.36263638494799033,0.8001879761792521
0.7915079680012542,-0.5068087173191611
0.0350107765607246,0.5266983734201025
-0.13175727595451758,0.20637871774018612
-0.6158395279295459,0.5948180329971573
0.7501069060118717,-0.4580149799429323
0.012212748332955048,0.6744048664955955
0.3198991041264272,-0.5939007999814858
-0.1913632148178468,0.20094034499616575
0.4618845985704758,0.09988988142951749
-0.09055713200299009,0.18680897188699697
-0.3508035639202751,0.587677988381941
-0.28083258353612117,0.3350681866193119
0.8131109810955666,0.4946050199386596
0.04780674233194904,-0.9282227101144453
-0.11330153323214165,0.9866503162536759
0.07285163470140676,0.8310089686899926
0.22561724160489627,0.28102556599243944
0.5321186514514065,-0.7169149728100443
-0.2759314440397602,-0.5137435460224171
0.29030585788221175,0.5758160573735225
-0.05288728520519248,-0.9926217402313426
-0.4128503052789283,0.47531904273859715
-0.7796246049439342,-0.4386377561206334
0.5907399619486777,0.7467137479511547
-0.6330980046775017,0.15444267518210975
0.024051319711947627,-0.6595709878387765
-0.6087852484768046,-0.006233315771314807
-0.08742252831863273,0.32066544054060864
-0.024066456653349944,0.29643168674644627
0.2692045583812812,0.8334901527843346
-0.7088037717182221,0.4055180894067587
-0.25712570266429524,0.8000040005559261
0.5694330095954754,0.44853812512421953
-0.0677421485705807,0.7951191344165711
0.33245565514168174,-0.6520791170002693
-0.7236792778734349,0.6783946135702092
0.28819510896490286,-0.7917712268186878
0.031089732286881056,0.0904185328425382
-0.5133448099625764,0.32043165761548487
0.3680153215930999,0.17767776075132669
0.1646478126690012,-0.20411782402638856
0.08155013822221746,0.7413576910836639
-0.0018228610719412952,0.8713785266014364
-0.5298743553632694,0.4968985094615632
-0.15163930591123354,0.7635490994408647
-0.9474923324089586,0.14533749395664586
-0.14820781057117083,0.37762764186640174
-0.34205930738677237,0.9390836445418085
0.11824735718909785,0.3626706997711411
-0.0960647786296378,0.33996659340196067
-0.4115615765480951,0.7960519635058856
-0.06307680824338657,-0.38344011068817907
-0.62686258026511,-0.1715889709771916
-0.7291686192807074,0.18333305334443506
-0.7008580719709696,0.17665878854673123
0.22970577130404557,0.10056918657779912
-0.19876582120870157,-0.5644545726141987
-0.4900542371021275,0.25585300776823616
0.5120411110856455,0.5005119937531735
-0.6387027949414086,0.3003542672830539
0.04250175846667181,-0.6647753674488592
0.17369308828849284,-0.022885285516923703
0.04900714423766961,0.5927755840863256
0.177840546365565,0.1330705684985396
0.957283905490709,-0.02155581980183041
-0.0904625597041393,-0.787751289057903
-0.14761722749264328,0.482351802455651
0.0748211486225705,0.07840876932520024
-0.2292799344164651,0.6009932370269075
-0.31914534952485574,0.7886324290814759
-0.5387025560194059,-0.2031688126082507
-0.35924189353499236,-0.0006732049420614672
0.30548064032690503,0.699892982368858
-0.9870630581319273,0.06395509096751928
0.12415260706155329,-0.048132816526500255
-0.7394613657992222,0.653333505092647
0.6692293288145787,0.646037792518912
0.23142970564851684,-0.865183798606473
-0.4342555199629572,-0.6300138991041306
0.42354265097003574,-0.26628753343306233
0.17482366656890092,-0.5649540362337631
-0.048037513196059756,-0.9231886460076351
-0.28681696561778414,-0.20687877149079248
-0.34373083761031986,0.5080200226170435
-0.2282510754644762,0.5532672518703303
0.9761995173074591,-0.18540981480066487
0.5214085206377737,0.13051436775650305
0.7918543946027696,-0.15119758694637997
0.20739414721115979,0.6019792896596288
0.3994045546456293,0.9024678415212699
0.7672351443719041,0.1796459186922672
0.9241240855100601,0.10946145346581315
0.7589606286814483,0.16899357448223284
0.08940847481237979,0.9009077518670903
-0.15046918582574165,0.6393469576970254
0.5338594870640012,0.2826187699695255
0.21702110992883594,-0.6121309041146101
0.10792008390817043,-0.7346130317574309
0.7309656464781111,0.2031779551319195
0.3241115853143106,-0.8204394669256603
-0.31673466915559967,0.304809675741331
-0.16278826268418367,0.5061091406866391
-0.5614462282515904,0.7471248109537065
0.47477411313489726,-0.3024193480769315
-0.2473924159177654,0.8744612385550123
0.30882244301992556,0.3006569929295808
0.16433420781898866,-0.14083016470428822
0.056319710414676205,-0.04347547390355344
0.04248049601762793,0.46200901571551256
-0.20963106724629021,0.8233744402393066
0.6392348466772739,0.5225104952231852
-0.5529096733523173,-0.1510794641844504
0.7710180140855294,-0.6307475935143065
-0.11944897148049693,-0.35419804235364793
0.3411704671110978,0.27101035248450733
0.44399798405614455,0.6110099233660944
0.881139339000923,0.10874060430068067
-0.2651246435426755,-0.5596973321762182
-0.7608137386846852,0.014350185333332544
-0.9700569674725918,0.2330847295336147
-0.6698621032748426,-0.5963494896167969
0.35269942430191525,-0.9289772201901099
-0.6642653073795823,0.44334778366282235
-0.9292931568099585,0.307181341644472
0.13804883833748516,-0.2065842222923957
-0.4826005587363984,0.7280658817054293
-0.1723362769229908,-0.1489929104326806
-0.09260601230438725,-0.21264895799701367
0.18631183567380427,0.2250476733625313
0.48658466729036776,-0.28718476809827
-0.531208515380913,-0.18561558701073566
0.8013984123572342,-0.1840034329641962
-0.596618286742973,-0.6964376430110164
0.7823201260222059,0.4641802809161466
-0.09323808009072398,-0.7452120541838236
0.1700617476801034,0.16153528539869622
0.09934579149150813,-0.669007077228468
-0.14513871959508973,-0.4780580897585369
-0.32702711554760655,0.7579788208082754
0.09051582168318828,-0.22417744274535156
-0.3229264388217239,-0.17855687148011
0.3700883253881393,-0.34237500011893496
0.25066449753216835,0.15138015149180206
0.6806409263184476,-0.07036989740941735
0.2687349944058668,0.6920334106478743
0.7550170624030439,0.45654259016282883
-0.2674101874567243,-0.38049501629608895
0.5411343234712442,0.8192547990015029
0.12305198126897365,-0.663670613267306
0.47727055427885223,0.6739162205040723
0.5645301142698242,-0.35418317207719907
-0.2400825922671892,-0.3329522694291889
-0.12353341176372012,-0.7089873526379467
-0.08192928007073919,0.2893874282405009
-0.7999092891316997,0.0029868460227262528
-0.9641462253927233,-0.15287157121445238
0.5306829629100644,-0.6520883172859298
-0.08683733891844603,-0.8686800840709417
-0.12757274139061248,0.9171692408135321
0.16602635380513187,0.44580517971652855
0.051405891366329115,-0.6667952319126607
-0.8353323514395317,0.09978272449689318
-0.2382153071497961,0.8864982202361735
0.8098323151757492,-0.5019340837541562
0.8864668992904177,0.13014111013754204
-0.9833165260435803,-0.1611109527098722
0.7272054586446419,0.4213506696835305
-0.30920099565143344,-0.0243872740508011
-0.4952062635782255,0.20737949889761298
0.3066679553397138,0.07422193573136182
-0.6020945811857876,0.6351486985227839
-0.5752634721710543,-0.6001703366340005
0.5321465027845684,-0.3730692153956052
-0.07898482245010219,0.9228045581460333
0.7315262980625363,-0.5554272213955287
-0.3918940158954636,-0.12335002774691928
-0.18983666767590512,-0.1906934323665277
-0.33460691687765687,0.9235604926563463
-0.7481235321995603,0.4916141891400103
-0.20724885249038194,-0.2714398202403283
0.02534308464737567,0.9742899000482323
0.3637441999281721,0.22207297809748572
0.557164741892836,0.5340827523363403
0.49399720344588083,-0.10335646841318291
-0.8762338379921095,-0.318758322274703
-0.24940070166525552,0.5676277503272145
0.34548734224049404,0.20058286280260407
-0.7253392164482737,0.6808631862554047
0.9375905484763647,0.07351739229886234
0.4754796877851444,-0.6386311472180513
-0.2797963268712367,-0.3838975254664694
-0.10326721256703753,0.30284966195047125
0.32406027982149443,0.5648355249722083
0.6192746209729658,-0.33910271905600964
0.06862038671919879,0.009375543613068693
0.423228900729937,-0.25912854405064123
0.17470406282680173,0.4349889297115228
0.6583999853963993,-0.2607297718237631
-0.04761919814579141,0.44591610603257914
0.6391210373316165,-0.014388462385558576
0.8406083036212879,0.008310280053302588
0.4888679986919533,0.03930529646496117
0.13827478896777712,0.3451940982899382
-0.3132402932084659,-0.7644445271620668
-0.6001670454010375,0.04746805208644633
-0.001494499719158382,-0.3533788544241918
0.2588548726723574,-0.5524755305978526
0.28763926231382553,0.6993154728253841
-0.5214573923333081,0.7505102617697756
0.11491209829258664,-0.3544609319761065
0.02874414507662748,0.600215521249724
0.05416126351416528,0.052073667189344475
0.11776371828761723,-0.30184844160957036
-0.21854322765895762,0.40533146026021205
0.02705579498123334,-0.44108262815653343
0.8354427059853857,-0.5281163867117789
0.0573508602505286,0.4066545866090958
0.6603803739365772,0.16833147201702525
0.38526462478079915,-0.006637249590115246
0.18149390207474525,-0.0825650232312336
0.4609772324602357,-0.35191271741237595
0.4292078246237081,-0.016958136479448882
0.7248139288801339,-0.05563086633609915
0.728690752620305,0.29714389035980804
-0.05714727958066823,-0.4759598451080618
0.7016954365795447,0.6889490440849899
-0.22284254081594002,0.10681091361927364
0.7704397318354634,-0.6016429973312505
-0.910285886778188,-0.3063574610605535
-0.7054868059522323,0.47699860424711216
-0.090288223317055,0.357808721519157
-0.4799534937956964,0.09861592533427577
0.5560731846898308,-0.7663383217871418
0.5388455929534051,0.01995678138231094
-0.2567684891746769,-0.9387923243974454
-0.29628405143298364,0.5798265420711894
-0.8705891041669782,-0.4442915644653749
-0.159606719737317,0.004912091420134379
-0.23480054078339307,-0.6414553192589678
0.36939461885820823,-0.8122004052899086
-0.3709385729396204,-0.4028658606696147
0.11845711010126769,-0.557117687091931
-0.16010741085875568,-0.7486389363719499
-0.22009176048083545,0.29285294951190566
0.5770210011512078,-0.664817920152948
0.5632141928269898,-0.8214809783583941
0.08827607230487322,-0.18223818058532704
-0.11863165947055343,0.9114556113673369
-0.9733579975981106,-0.04328271571125053
0.32505432702781056,-0.32565618650080674
-0.036954151585007144,0.7923997704668924
-0.5206520353020907,-0.08315974041427654
-0.2524063520589759,0.45581223020326656
0.9426571460602109,-0.016737120760292212
-0.748484097174144,0.5929637285025702
-0.49173121146772947,0.7487948451461808
-0.051329354915746084,-0.9927740453862166
0.3147055946713986,-0.4430732875976413
-0.015939728351533455,-0.5482072138768919
0.33669790681798806,-0.3464837757383088
-0.08566717744428187,-0.08139024856996313
0.7263210139649314,-0.3348588784008031
0.45196177130229276,0.5138539165451563
0.5730076000234103,-0.5981616857408911
0.27257924323689076,-0.22792204013949124
0.9035665026645396,-0.26324874981570034
0.7140800281591073,-0.26486296656872343
-0.9638682910034728,0.0837947892252533
-0.13119775867341388,-0.31377133611074437
0.62028187614197,-0.656395880765265
0.17617564833042665,-0.6317001980938035
-0.26978528060741125,0.6523811890732387
0.5889285178117132,-0.6636028317255551
0.32541200723370967,0.005171985603044105
-0.014742671967098664,-0.6337151423316059
-0.2398862576766576,0.2091723664547891
-0.03707379101254915,0.7322612612714092
0.23315932531704453,-0.8123802270466676
-0.044460684779225934,0.27596600570105356
0.5453359191115115,0.11996080718567548
-0.06314600519315694,-0.05158247860821197
-0.24130973284352186,0.7544988479227
0.34079607183076455,-0.6676663969625853
0.6780661046223846,-0.30928643854949
0.7003691458586827,-0.39605701854671227
-0.8037131156312065,0.0077519845354516725
-0.691335209101186,0.14881843667561
0.06037090138646284,0.7580791134087597
-0.2348452579600686,0.8261761968000008
-0.9578650724294469,0.1439920165883941
-0.9320017187723568,0.12401187178433037
-0.8586790556412256,-0.1409507345739649
-0.19796569981326906,-0.682491563715995
0.6519424870891268,0.42797233267670265
0.4838806004401661,-0.4693927449421089
0.2934449213628165,0.29630170999187544
0.006033180665325322,0.989916343117254
0.23460730219307568,-0.5246664903132638
0.4308917392163605,0.19620190138203286
-0.9537420750944114,-0.20905928941322194
-0.42858308616353824,0.21227655483554808
0.2667299169618249,-0.738625706062932
-0.38196177200681825,-0.5249423232306034
0.7737837650905048,-0.07813067569161669
-0.5465778379885162,0.795102225393713
0.04110428083516937,0.47195627774830773
-0.5936105363819741,0.27236541547333193
0.9058338817722713,-0.05978965743372355
0.15060454379047594,0.20622670918812624
0.29869065463479516,-0.3690125569690441
0.750758153851621,-0.5467082359194624
0.7841247785362986,0.011158334178321017
-0.2507252970335021,0.17279019702873
-0.3761044146503716,0.9206102048028506
-0.28288460097788004,0.8716886617362356
0.6439429110238963,0.36580071859358054
0.07876859042381112,-0.8414426867954015
-0.5016661290344506,-0.5555273837590278
-0.48843842458547515,0.40051209204917404
-0.9129748691951238,0.29097742540126426
-0.47241630969456083,-0.3157842755646427
0.3968247124237967,0.7552988251601627
-0.7406145920968672,0.6493860397298341
-0.6512622788993727,-0.12614052998611736
0.9076525812401601,-0.16306771884543747
0.5954034636944088,0.42907320639650504
0.04735991226943881,-0.5704662201963888
0.0774029570995809,0.0036217317569242624
0.833550285375495,0.009557851391332806
-0.12589752949373656,-0.9519639073480308
0.3798825921650437,0.5230070477151358
-0.5735926075066906,-0.5613471772146938
-0.8783743787636638,0.44144331709121
-0.05877240606286871,-0.9788261828662415
0.6867700244655834,0.39819107037977153
0.4883837324961322,-0.0974652515645682
-0.9732615746837407,0.08645552338668616
0.980553174994454,-0.1671184002360615
-0.058662344178732395,-0.281535881503286
-0.649747009884772,-0.7402980372499668
0.7882044115204636,-0.2845790101328489
0.7991603560140972,0.5730220487311368
0.31969590474649134,0.9382441220016187
-0.1341815444168688,-0.7585304867271476
-0.5687993705258498,-0.7594285455207579
0.47034051640463925,-0.010201885098113372
0.6788489019281063,-0.4647854650192469
-0.9401399550450247,0.1624143902510362
-0.3469776714368056,0.145733267592713
-0.6828475692017295,-0.3367815148513498
-0.46011901476078054,0.6896896066797609
0.5246533810352729,0.4202646467123723
-0.7137791433595275,-0.3632800422075646
-0.22114265505933206,0.7566124349311305
0.6737953231933984,0.20672130273567157
-0.25077447933388264,-0.6359103169284863
0.2514030462564012,-0.4171127531132883
0.6776317065516133,-0.321138471656536
-0.3358551095361224,0.5585487571106533
-0.9851731304847522,0.10166947899934597
-0.9027101607245474,-0.007332674420474916
-0.3546029653644913,0.21888864958604137
-0.07392567400848504,0.5778346587902121
0.3306872781786734,0.007970591499461444
-0.509269394750586,0.11903123103880842
0.37643956138248336,-0.4441082479646479
0.2591171355932447,-0.47920786600798393
-0.12901711070106092,-0.41886351861789706
0.18424456680197188,0.7662453313771824
-0.043081243652647316,-0.9423390132790048
0.8962537294949462,-0.2992540141587092
0.23726486002444203,0.44308310689606145
-0.3154438080212092,-0.4059359776951015
0.8962737814497019,-0.18960361083623267
-0.6268643681854356,0.4786137325275521
-0.8202223772492956,-0.5005417973795592
-0.7872117861815047,0.539238376967583
0.7821075450020614,0.31877600056449773
0.7626322137111221,0.5121797340792447
0.717939601293702,-0.6523799068408607
-0.5442545998958521,-0.6313642064015317
0.49974590679837383,-0.430719784140831
0.4760121729123765,0.7148941409927314
0.35557672813514296,-0.024120596341300926
0.17751225476421695,0.22659639890134065
0.34729616562527355,0.73800110197375
0.8266965884596116,-0.30696622578073796
0.35933662746344774,0.4341981011287852
-0.1172364987749428,-0.8180515271912301
0.5612429717414185,-0.5863555371657578
0.4416617522428017,0.2710461476646504
0.12351434023789754,-0.0026598547805729567
-0.07162907921704242,0.43541550754292135
0.4023289051520864,-0.39603915272540813
-0.859350888425852,-0.4404219635136528
0.4255247677932672,0.7918890215557262
0.24602712219615053,0.4742094043380498
-0.08922889007240609,-0.067347144257204
-0.6032299960951126,-0.11271744246527837
0.640311815382175,-0.5480471108364333
0.42668430652725164,0.8093502642951196
0.3785287854548496,-0.5817739363995642
-0.8368728998334307,-0.2211181346607778
0.32707744819247586,-0.10082810458298908
-0.3811696805618754,-0.1229032728452304
-0.5751892252293926,-0.2159784554321491
0.8762209761086612,0.10311359341156834
0.855427393822535,-0.4741556275666461
-0.288790687011649,0.46009448445087053
0.6254887422020388,-0.398747742258567
-0.22854965464051014,-0.008452846640809364
0.8306480469005182,-0.10553155673461512
-0.270619506264723,0.4094630742551779
0.7164962938215473,0.37873816711534647
0.5848017726886847,0.17712818311082423
-0.5311134759324814,-0.46078559019652254
0.04575529025002889,0.5055029082461273
-0.03659004697801649,-0.7924771721497976
-0.9415078442949978,0.03016361561954506
-0.4016811172261294,-0.3884049151708828
0.2331650135827832,-0.13933897364662173
-0.527474682775896,0.3201305578228322
-0.4118421275600692,-0.38639283156164117
0.5121092041882409,0.037602277414748864
0.19229632750422665,-0.09024921441097167
0.4532992902240689,0.01920432933246885
0.2910350305424416,-0.048064304574004124
-0.6036297311704479,0.22413195202981662
-0.1077399633734959,0.6511370141452759
0.9334413113468334,0.23052236904156387
-0.17971079352539499,-0.26926483083710906
-0.8022106201174319,-0.25092259280648754
0.6081484037021212,-0.25656636349303596
-0.1685660659896382,-0.40051421572081747
-0.5382070821569316,0.3175179771626113
-0.5517781110209408,0.2447582594164559
0.04119978830334281,0.31912099039593333
-0.917790287701834,0.21365026528048414
-0.23728295762071494,-0.5277666619122128
-0.3448408886053156,-0.7981294156360783
-0.1320754327670921,-0.7193831152561967
0.380555729954394,0.21980555387762757
